<?xml version="1.0" encoding="UTF-8"?>
<project-private xmlns="http://www.netbeans.org/ns/project-private/1">
    <editor-bookmarks xmlns="http://www.netbeans.org/ns/editor-bookmarks/2" lastBookmarkId="0"/>
    <open-files xmlns="http://www.netbeans.org/ns/projectui-open-files/2">
        <group>
            <file>file:/C:/Users/Muaz%20afnan/Desktop/4b/CSC584/PersonalProfile/web/index.html</file>
            <file>file:/C:/Users/Muaz%20afnan/Desktop/4b/CSC584/PersonalProfile/web/display.jsp</file>
            <file>file:/C:/Users/Muaz%20afnan/Desktop/4b/CSC584/PersonalProfile/web/image/bg3.jpg</file>
            <file>file:/C:/Users/Muaz%20afnan/Desktop/4b/CSC584/PersonalProfile/src/java/StudentProfileServlet.java</file>
        </group>
    </open-files>
</project-private>
